"titles";"years";"odometer";"vehicle_type";"engine";"gearbox";"prices";"locations"
"ToyotaWish7SEATERLOW82KMXMASSPECIAL2005";2005;82500;" Station Wagon";" 1800cc petrol engine";" automatic";7790;"Auckland"
"ToyotaWish7seaterfamilycarAlloys2005";2005;141707;" Van";" 1800cc petrol engine";" automatic";5500;"Canterbury"
"ToyotaWishBLACKCOLOUR2007";2007;92174;" Van";" 1794cc petrol engine";" automatic";7495;"Auckland"
"ToyotaWish1.8XPackage7seater2008";2008;56234;" Station Wagon";" 1800cc petrol engine";" automatic";10749;"Auckland"
"ToyotaWish***ArrivingSoon***2007";2007;94000;" Van";" 1800cc petrol engine";" automatic";7299;"Auckland"
"ToyotaWish7SeatersAeroSports1.8L2008";2008;106000;" Station Wagon";" 1800cc petrol engine";" tiptronic";9500;"Auckland"
"ToyotaWish2005";2005;101729;" RV/SUV";" 1794cc petrol engine";" automatic";5000;"Christchurch City"
"ToyotaWish2005";2005;86856;" Station Wagon";" 1794cc petrol engine";" automatic";9990;"Wellington"
"ToyotaWish1.8XFinancefrom$45pw2007";2007;132807;" Van";" 1800cc petrol engine";" automatic";5490;"Auckland"
"ToyotaWish2005";2005;105000;" RV/SUV";" 2000cc petrol engine";NA;8750;"Auckland"
"ToyotaWish2008";2008;59000;" Van";" 1800cc petrol engine";" automatic";8699;"Auckland"
"ToyotaWish2004";2004;42803;" RV/SUV";" 1794cc petrol engine";" automatic";8500;"Palmerston North"
"ToyotaWish**MegWheels**RevCamera**2005";2005;104000;" Station Wagon";" 1800cc petrol engine";" automatic";5990;"Waikato"
"ToyotaWishNewModelLowKm2009";2009;54000;" Station Wagon";" 1790cc petrol engine";" automatic";14990;"Auckland"
"ToyotaWishSUPERLOWKM`S2005";2005;35823;" Van";" 1790cc petrol engine";" automatic";7495;"Auckland"
"ToyotaWishAAAPPRAISEDALLOYS2005";2005;92900;" Station Wagon";" 1800cc petrol engine";" automatic";6800;"Auckland"
"ToyotaWishBLACKCOLOUR2006";2006;73449;" Van";" 1794cc petrol engine";" automatic";7995;"Auckland"
"ToyotaWish1800ccSPORTS2004";2004;69800;" Station Wagon";" 1800cc petrol engine";" automatic";6995;"Auckland"
"ToyotaWish1800ccSPORTS2004";2004;76140;" Station Wagon";" 1800cc petrol engine";" automatic";6800;"Auckland"
"ToyotaWishSPECIAL1.8XHIDSELECTION2009";2009;86000;" Van";" 1800cc petrol engine";" automatic";11990;"Auckland"
"ToyotaWish2006";2006;54102;" Station Wagon";" 1794cc petrol engine";" automatic";5000;"Manukau City"
"ToyotaWish2006";2006;111402;" Van";" 1790cc petrol engine";" automatic";7990;"Auckland"
"ToyotaWish7SeatFamilyCar2006";2006;100000;" Station Wagon";" 1800cc petrol engine";" automatic";6750;"Auckland"
"ToyotaWish85KLowkmVERYTIDYCONDITION2005";2005;85890;" Station Wagon";" 1990cc petrol engine";" automatic";6390;"Auckland"
"ToyotaWish**GetFinanceat8.75%**2005";2005;89000;" Station Wagon";" 1800cc petrol engine";" automatic";6700;"Auckland"
"ToyotaWishSport2004";2004;151313;" RV/SUV";" 1794cc petrol engine";" automatic";6990;"Auckland City"
"ToyotaWish1.87SeaterStationWagonCam...2004";2004;103932;" Station Wagon";" 1800cc petrol engine";" automatic";5995;"Auckland"
"ToyotaWish1.8XHIDSELECTION2010";2010;67822;" Station Wagon";" 1800cc petrol engine";" automatic";13970;"Auckland"
"ToyotaWish1.8AutoWagon2009";2009;83255;" Station Wagon";" 1800cc petrol engine";" tiptronic";16990;"Auckland"
"ToyotaWish**MagWheelsReversingCamera**2005";2005;89300;" Van";" 1800cc petrol engine";" automatic";7450;"Waikato"
"ToyotaWish2005";2005;51000;" RV/SUV";" 1794cc petrol engine";" automatic";8000;"Papakura City"
"ToyotaWish-from$36.78weekly-Taurang...2006";2006;106518;" Station Wagon";" 1800cc petrol engine";" tiptronic";6479;"Bay of Plenty"
"ToyotaWishZ6SEATER2005";2005;97086;" Van";" 2000cc petrol engine";" automatic";8999;"Waikato"
"ToyotaWishXAeroSportsPackage1.8,7S...2007";2007;102846;" Van";" 1800cc petrol engine";" automatic";9995;"Waikato"
"ToyotaWish1800ccSPORTS2004";2004;111450;" Station Wagon";" 1800cc petrol engine";" automatic";5995;"Auckland"
"ToyotaWishZ2005";2005;97329;" Van";" 2000cc petrol engine";" automatic";9995;"Waikato"
"ToyotaWish**2000cc**2004";2004;85000;" Station Wagon";" 2000cc petrol engine";" automatic";6550;"Auckland"
"ToyotaWishSpaciousVan/Wagon2004";2004;104300;" Van";" 1800cc petrol engine";" automatic";5490;"Auckland"
"ToyotaWish1800wagon,Alloy2005";2005;129000;" Station Wagon";" 1800cc petrol engine";" automatic";6050;"Auckland"
"ToyotaWishXEPackage2005";2005;113000;" Station Wagon";" 1800cc petrol engine";" automatic";5650;"Auckland"
"ToyotaWishXAerosportsPackage2006";2006;74756;" Station Wagon";" 1800cc petrol engine";" automatic";7950;"Auckland"
"ToyotaWish2.0L2005";2005;145085;" RV/SUV";" 1998cc petrol engine";" automatic";8990;"Bay of Plenty"
"ToyotaWishG7SEATER2005";2005;83897;" Van";" 2000cc petrol engine";" automatic";8999;"Waikato"
"ToyotaWish7Seat*SideA/Bags*2009";2009;91050;" Van";" 1800cc petrol engine";" tiptronic";14850;"Auckland"
"ToyotaWishNEWSHAPE,,,,LOWKM2009";2009;52310;" Van";" 1800cc petrol engine";" automatic";13995;"Auckland"
"ToyotaWish1800cc7Seater2004";2004;88110;" Van";" 1800cc petrol engine";" tiptronic";6495;"Auckland"
"ToyotaWish-ReversingCamreaONSALE!!!G...2004";2004;141000;" Station Wagon";" 1800cc petrol engine";" automatic";5300;"Auckland"
"ToyotaWishWAGON2008";2008;112534;" Van";" 1800cc";" automatic";10995;"Bay of Plenty"
"ToyotaWishGFACELIFT2005";2005;115725;" Station Wagon";" 2000cc petrol engine";" automatic";8955;"Waikato"
"ToyotaWish2004";2004;99666;" Station Wagon";" 1800cc";" automatic";6495;"Auckland"
"ToyotaWishXS7Seats2005";2005;86901;" Station Wagon";" 1800cc petrol engine";" automatic";8955;"Waikato"
"ToyotaWishGoodCondition2005";2005;105500;" Van";" 1800cc petrol engine";" automatic";5490;"Auckland"
"ToyotaWishXSPACKAGE2004";2004;35286;" Van";" 1800cc petrol engine";" automatic";9986;"Auckland"
"ToyotaWish7SEATS2005";2005;127115;" Station Wagon";" 2000cc petrol engine";" automatic";7999;"Auckland"
"ToyotaWishXAEROSPORTSPACK2005";2005;113696;" Station Wagon";" 1800cc petrol engine";" automatic";6990;"Canterbury"
"ToyotaWish2005";2005;95100;" Station Wagon";" 1800cc petrol engine";" automatic";6200;"Auckland"
"ToyotaWishXNEOEdition2005";2005;79932;" Van";" 1800cc petrol engine";" automatic";9995;"Bay of Plenty"
"ToyotaWishXEPACKAGE2005";2005;108655;" Station Wagon";" 1800cc petrol engine";" automatic";6990;"Canterbury"
"ToyotaWishXAeroSportsPack2007";2007;83440;" Van";" 1800cc petrol engine";" automatic";10995;"Bay of Plenty"
"ToyotaWish*CLEARANCESALENOWON*2005";2005;111000;" Station Wagon";" 1800cc petrol engine";" automatic";7985;"Waikato"
"ToyotaWish2005";2005;90100;" Station Wagon";" 1800cc petrol engine";" automatic";5950;"Auckland"
"ToyotaWishXS7Seats2005";2005;70424;" Station Wagon";" 1800cc petrol engine";" automatic";7955;"Waikato"
"ToyotaWishXED2004";2004;90000;" Station Wagon";" 1800cc petrol engine";" automatic";5350;"Auckland"
"ToyotaWishZ2004";2004;115344;" Van";" 2000cc petrol engine";" automatic";8999;"Waikato"
"ToyotaWish**BlackInterior**TwoDaysspe...2007";2007;60459;" Van";" 1800cc petrol engine";" automatic";7770;"Auckland"
"ToyotaWish1.8X2006";2006;95767;" Station Wagon";" 1800cc petrol engine";" automatic";8990;"Canterbury"
"ToyotaWishFaceliftmodel2007";2007;112988;" Station Wagon";" 1800cc petrol engine";" automatic";6989;"Canterbury"
"ToyotaWish7Seater2007";2007;95958;" Van";" 1800cc petrol engine";" automatic";7850;"Auckland"
"ToyotaWish2007";2007;74000;" RV/SUV";" 1794cc petrol engine";" automatic";10000;"Manukau City"
"ToyotaWish1.8PetrolXSPackage5DrWa...2005";2005;NA;" 1794cc petrol engine";" automatic";NA;12995;"Auckland"
"ToyotaWish1.8PetrolS5drWagonCVT2W...2009";2009;104137;" Station Wagon";" 1800cc petrol engine";" automatic";16995;"Auckland"
"ToyotaWish1.8XAeroSportsPackage2005";2005;120546;" Van";" 1800cc petrol engine";" automatic";8995;"Bay of Plenty"
"ToyotaWISHSPORTMODEL2005";2005;90000;" Van";" 1800cc petrol engine";" automatic";6495;"North Shore"
"ToyotaWish-MANUKAU7SEATER2005";2005;102600;" Van";" 1800cc petrol engine";" automatic";6430;"Auckland"
"ToyotaWishReversingCamera.2008";2008;82000;" Station Wagon";" 1800cc petrol engine";" automatic";9500;"Auckland"
"ToyotaWish2004";2004;118040;" Station Wagon";" 1794cc petrol engine";NA;6300;"Auckland City"
"ToyotaWish5DAUTO2005";2005;77398;" Station Wagon";" 1794cc petrol engine";" automatic";7995;"Northland"
"ToyotaWish2006";2006;112262;" Station Wagon";" 1800cc";" automatic";6995;"Wellington"
"ToyotaWish2004";2004;107000;" Station Wagon";" 1794cc petrol engine";" automatic";9990;"Wellington"
"ToyotaWish88100km2008";2008;88100;" Station Wagon";" 1800cc petrol engine";" automatic";6890;"Auckland"
"ToyotaWish2003";2003;156857;" RV/SUV";" 1794cc petrol engine";" automatic";4850;"Dunedin"
"ToyotaWishAerosportmodel2004";2004;120450;" Station Wagon";" 2000cc petrol engine";" tiptronic";6990;"Manawatu"
"ToyotaWishXAeroPackage2005";2005;67767;" Van";" 1800cc petrol engine";" automatic";7985;"Auckland"
"ToyotaWish2006";2006;112219;" Station Wagon";" 1800cc";" automatic";6995;"Wellington"
"ToyotaWishXS2005";2005;60850;" Van";" 1800cc petrol engine";" automatic";10995;"Wanganui"
"ToyotaWish2009";2009;91500;" Station Wagon";" 1800cc petrol engine";" automatic";12799;"Manawatu"
"ToyotaWishXHighSpec---SALE---2004";2004;71338;" Van";" 1800cc petrol engine";" automatic";6475;"Auckland"
"ToyotaWish2005";2005;113792;" Station Wagon";" 1794cc petrol engine";" automatic";8990;"Bay of Plenty"
"ToyotaWish2005";2005;90808;" Station Wagon";" 1794cc petrol engine";" automatic";9995;"Southland"
"ToyotaWish-MANUKAUAAAppraisedJust2...2004";2004;137832;" Van";" 1800cc petrol engine";" automatic";7430;"Auckland"
"ToyotaWish2.0GLowKMS2004";2004;57000;" Van";" 2000cc petrol engine";" automatic";8995;"Waikato"
"ToyotaWish2005";2005;100141;" Station Wagon";" 1800cc";" automatic";6995;"Wellington"
"ToyotaWish1.8XS*BudgetBranch*2004";2004;111300;" Station Wagon";" 1800cc petrol engine";" automatic";6588;"Canterbury"
"ToyotaWish2004";2004;166022;" RV/SUV";" 1794cc petrol engine";" automatic";5500;"Lower Hutt City"
"ToyotaWish**ReversingCamera**DarkInter...2007";2007;90438;" Van";" 1990cc petrol engine";" automatic";6500;"Auckland"
"ToyotaWishXS7seat2005";2005;107494;" Station Wagon";" 1800cc petrol engine";" automatic";5495;"Canterbury"
"ToyotaWishsportspackage0deposit2005";2005;109000;" Station Wagon";" 1800cc petrol engine";" automatic";3999;"Auckland"
"ToyotaWish-from$32.29weekly-Wairau...2004";2004;124478;" Station Wagon";" 1800cc petrol engine";" automatic";5479;"Auckland"
"ToyotaWishONLY098KMS**FRESHIMPORT**7SEA2004";2004;98451;" RV/SUV";" 2000cc petrol engine";" automatic";5500;"Auckland City"
"ToyotaWish2.0L7seater2004";2004;120704;" Station Wagon";" 1995cc petrol engine";" automatic";7500;"Southland"
"ToyotaWishXAeroPackage2007";2007;91523;" Van";" 1800cc petrol engine";" automatic";8990;"Bay of Plenty"
"ToyotaWish1800cc##GreatCondition##2005";2005;132439;" Van";" 1800cc petrol engine";" automatic";5490;"Auckland"
"ToyotaWishSuperLowKM2007";2007;23000;" Sedan";" 1800cc petrol engine";" tiptronic";65502;"Manukau City"
"ToyotaWish1.8XNewShape2010";2010;81525;" Van";" 1800cc petrol engine";" manual";13995;"Auckland"
"ToyotaWish2.0GNeoEdt2005";2005;164164;" RV/SUV";" 1998cc petrol engine";" automatic";5500;"Auckland City"
"ToyotaWish1.8X2007";2007;63550;" Station Wagon";" 1800cc petrol engine";" automatic";9990;"Canterbury"
"ToyotaWish2.0ZWideBody*BudgetBranch*2005";2005;122500;" Station Wagon";" 2000cc petrol engine";" automatic";6988;"Canterbury"
"ToyotaWishZAEROWEEKLYFROM$65.482004";2004;137244;" RV/SUV";" 2000cc petrol engine";" tiptronic";11999;"Auckland"
"ToyotaWish2005";2005;79145;" RV/SUV";" 1998cc petrol engine";" automatic";7960;"Auckland"
"ToyotaWish2006";2006;95628;" RV/SUV";" 1794cc petrol engine";" automatic";6000;"Waitakere City"
"ToyotaWishXS2005";2005;77245;" Station Wagon";" 1790cc petrol engine";" automatic";8777;"North Shore"
"ToyotaWish1.82008";2008;49398;" Station Wagon";" 1800cc petrol engine";" automatic";10999;"Otago"
"ToyotaWish2004";2004;104488;" Van";" 1800cc petrol engine";" automatic";9995;"Waikato"
"ToyotaWishZEdition**BestAvailable**2004";2004;82000;" Van";" 2000cc petrol engine";" tiptronic";9990;"Waikato"
"ToyotaWishXLEditionLOWKMS!REARCAMERA2008";2008;47271;" Station Wagon";" 1800cc petrol engine";" automatic";11500;"Auckland"
"ToyotaWish2.0L2008";2008;95000;" Station Wagon";" 2000cc petrol engine";" automatic";7990;"Auckland"
"ToyotaWishXHighSpec---SALE---2004";2004;73375;" Van";" 1800cc petrol engine";" automatic";6475;"Auckland"
"ToyotaWish*freewarrantyfreedelivery*2007";2007;96000;" Station Wagon";" 1800cc petrol engine";" automatic";7500;"Hawke's Bay"
"ToyotaWish2.0L2007";2007;85400;" Station Wagon";" 2000cc petrol engine";" automatic";7499;"Auckland"
"ToyotaWishXPACKAGE2006";2006;130000;" Station Wagon";" 1790cc petrol engine";" automatic";5000;"Auckland"
"ToyotaWishX43KMS!REVERSINGCAMERA/DVD2008";2008;43128;" Station Wagon";" 1800cc petrol engine";" automatic";11499;"Auckland"
"ToyotaWish7seater2007";2007;114666;" Van";" 1800cc petrol engine";NA;7995;"Manukau City"
"ToyotaWish1.8XAerosportOnly50,000km's2007";2007;50370;" Station Wagon";" 1800cc petrol engine";" automatic";12999;"Canterbury"
"ToyotaWishX2004";2004;112826;" Van";" 1800cc petrol engine";" automatic";6999;"Canterbury"
"ToyotaWish**7SEATERWITHREVERSINGCAM...2005";2005;59329;" Station Wagon";" 1798cc petrol engine";" automatic";8490;"Auckland"
"ToyotaWish7seaterlowkms2005";2005;59000;" Station Wagon";" 1794cc petrol engine";" automatic";9990;"Hawke's Bay"
"ToyotaWish7Seater2006";2006;149709;" Station Wagon";" 1998cc petrol engine";" automatic";6950;"Waikato"
"ToyotaWish18XNEOEdition2005";2005;154305;" Station Wagon";" 1800cc petrol engine";" automatic";5950;"Auckland"
"ToyotaWishXS2004";2004;116169;" Station Wagon";" 1800cc petrol engine";" automatic";7980;"Auckland"
"ToyotaWishXSPackage2005";2005;122691;" Van";" 1800cc petrol engine";" automatic";5250;"Nelson"
"ToyotaWishSmartkeyNewShape2010";2010;46000;" Station Wagon";" petrol engine";" automatic";14999;"Auckland"
"ToyotaWish1.8XSPkg*BudgetBranch*2005";2005;100500;" Station Wagon";" 1800cc petrol engine";" automatic";6688;"Canterbury"
"ToyotaWish2004";2004;206148;" Station Wagon";" 1790cc petrol engine";" automatic";5995;"Northland"
"ToyotaWish2007";2007;111673;" Station Wagon";" 1800cc";" automatic";6995;"Wellington"
"ToyotaWish2005";2005;97301;" RV/SUV";" 1794cc petrol engine";" automatic";7500;"Auckland"
"ToyotaWish2004";2004;58000;" Hatchback";" petrol engine";" automatic";8900;"Auckland"
"ToyotaWish2004";2004;123697;" RV/SUV";" 1794cc petrol engine";" automatic";5500;"Auckland City"
"ToyotaWishZ2004";2004;71720;" Other";" 2000cc petrol engine";" automatic";8900;"Nelson Bays"
"ToyotaWish2005";2005;91672;" Station Wagon";" 1790cc petrol engine";" automatic";8995;"Northland"
"ToyotaWish2.0.iCVT2005";2005;178523;" RV/SUV";" 1998cc petrol engine";" automatic";7500;"North Shore"
"ToyotaWish2005";2005;133612;" Station Wagon";" 1794cc petrol engine";" automatic";6995;"Auckland"
"ToyotaWish1.8X2005";2005;111931;" RV/SUV";" 1794cc petrol engine";" automatic";5500;"Wellington"
"ToyotaWish$9,999WITHOFFER$7,9992005";2005;67153;" Station Wagon";" 1800cc petrol engine";" automatic";9999;"Canterbury"
"ToyotaWish2.0G2004";2004;111410;" Station Wagon";" 2000cc petrol engine";" automatic";6990;"Canterbury"
"ToyotaWish2004";2004;45400;" Station Wagon";" 2000cc petrol engine";" automatic";9995;"Hawke's Bay"
"ToyotaWish2004";2004;92122;" Van";" 1800cc petrol engine";" automatic";7995;"Waikato"
"ToyotaWish2005";2005;106546;" RV/SUV";" 1794cc petrol engine";" automatic";7930;"Wellington"
"ToyotaWish7seats2004";2004;140601;" Station Wagon";" 1794cc petrol engine";" automatic";5950;"North Shore"
"ToyotaWishXPACKAGE2006";2006;130000;" Station Wagon";" 1790cc petrol engine";" automatic";5500;"Auckland"
"ToyotaWishXAEROSPORTSPACKAGE2006";2006;118000;" RV/SUV";" 1794cc petrol engine";" automatic";7600;"Levin"
"ToyotaWish1.8XAeroSport,Facelift,Black,2005";2005;85465;" Station Wagon";" 1800cc petrol engine";" automatic";6800;"Auckland"
"ToyotaWish2004";2004;124500;" RV/SUV";" 1794cc petrol engine";" automatic";7000;"Dunedin"
"ToyotaWish/X-Sport/BodyKit(2005)2004";2004;92460;" Station Wagon";" 1800cc petrol engine";" automatic";6550;"Auckland"
"ToyotaWishLowKM2007";2007;93000;" Station Wagon";" 1800cc petrol engine";" automatic";7200;"Christchurch City"
"ToyotaWish2.0G2006";2006;13930;" Station Wagon";" 2000cc petrol engine";" automatic";12990;"Canterbury"
"ToyotaWishXNeoEdition2005";2005;105000;" Station Wagon";" 1800cc petrol engine";" automatic";6985;"Auckland"
"ToyotaWish-MANUKAUAERO7SEATERAAApp...2005";2005;107912;" Hatchback";" 1800cc petrol engine";" automatic";7930;"Auckland"
"ToyotaWishlowkm,,1800cc2007";2007;39195;" Station Wagon";" 1800cc petrol engine";" automatic";9495;"Auckland"
"ToyotaWish2005";2005;101583;" Station Wagon";" 1998cc petrol engine";" automatic";6990;"Bay of Plenty"
"ToyotaWish1.8L2007";2007;61357;" Van";" 1794cc petrol engine";" automatic";30001;"North Shore"
"ToyotaWishXSSport2007";2007;92000;" Station Wagon";" 1800cc petrol engine";" automatic";8995;"Wellington"
"ToyotaWish1.8XAEROSPORTS**FACELIFT**2005";2005;121000;" Station Wagon";" 1800cc petrol engine";" automatic";5500;"Auckland City"
"ToyotaWishBrandnewtyres!!!2008";2008;96000;" Van";" 1800cc petrol engine";" automatic";9500;"Auckland"
"ToyotaWish2004";2004;126501;" Hatchback";" 1990cc petrol engine";" automatic";5750;"Auckland"
"ToyotaWish2005";2005;157312;" Station Wagon";" 1794cc petrol engine";" automatic";6000;"Tauranga"
"ToyotaWish1.8X-SportsSunroof/LowKm2005";2005;48000;" Van";" 1800cc petrol engine";" automatic";7800;"North Shore"
"ToyotaWish2004";2004;301295;" RV/SUV";" 1794cc petrol engine";" automatic";4200;"Waitakere City"
"ToyotaWish2.0G*BudgetBranch*2004";2004;81000;" Station Wagon";" 2000cc petrol engine";" automatic";6388;"Canterbury"
"ToyotaWishXAeroSport2005";2005;137000;" Van";" 1800cc petrol engine";" automatic";6990;"Palmerston North"
"ToyotaWishSports2005";2005;97225;" Station Wagon";" 1790cc petrol engine";" automatic";6000;"Waitakere City"
"ToyotaWish1.8XSPkg*BudgetBranch*2004";2004;139500;" Station Wagon";" 1800cc petrol engine";" automatic";6188;"Canterbury"
"ToyotaWishXLTD**BLACKINTERIOR**2006";2006;92000;" Hatchback";" 1800cc petrol engine";" automatic";6380;"Auckland"
"ToyotaWishWhite-Verytidy2004";2004;132967;" Station Wagon";" 1990cc petrol engine";" automatic";4000;"Waitakere City"
"ToyotaWishZ2005";2005;122223;" Van";" 2000cc petrol engine";" automatic";8988;"Auckland"
"ToyotaWish*Was$169907SeaterImmacco...2010";2010;85252;" Station Wagon";" 1790cc petrol engine";" automatic";13850;"Auckland"
"ToyotaWish2006";2006;98739;" Van";" 2000cc petrol engine";" automatic";7995;"Manukau City"
"ToyotaWish2005";2005;81000;" Van";" 1800cc petrol engine";" automatic";6990;"Auckland"
"ToyotaWish2.0iZEdition*GoodLooker*2007";2007;123228;" Station Wagon";" 2000cc petrol engine";" automatic";9900;"Wellington"
"ToyotaWish2005";2005;94508;" Station Wagon";" 2000cc petrol engine";" automatic";6920;"Nelson"
"ToyotaWishZ2004";2004;78775;" Van";" 2000cc petrol engine";" automatic";9999;"Canterbury"
"ToyotaWish1800ccVVT-iYear2006Not2005";2005;124000;" Van";" 1800cc petrol engine";" automatic";5500;"Manukau City"
"ToyotaWish``DARKTRIM``2005";2005;116479;" Van";" 1800cc petrol engine";" automatic";10995;"Auckland"
"ToyotaWish2.0G2006";2006;27880;" Station Wagon";" 2000cc petrol engine";" automatic";11990;"Canterbury"
"ToyotaWishZ6SEATER2005";2005;97448;" Station Wagon";" 1998cc petrol engine";" automatic";6995;"Waitakere City"
"ToyotaWishBrandnewtyres!!!2005";2005;111000;" Van";" 1800cc petrol engine";" automatic";6390;"Auckland"
"ToyotaWish2005";2005;98000;" Van";" 1790cc petrol engine";NA;7490;"Manukau City"
"ToyotaWish7SeaterSXPackage2005";2005;75000;" Van";" 1790cc petrol engine";NA;6990;"Manukau City"
"ToyotaWishX-LTD22,266KMS!REARCAMERA2008";2008;22266;" Station Wagon";" 1800cc petrol engine";" automatic";13450;"Auckland"
"ToyotaWish4WD1800cc72007";2007;121455;" Van";" 1800cc petrol engine";" automatic";8990;"Upper Hutt City"
"ToyotaWishxspackage2005";2005;85400;" Station Wagon";" 1800cc petrol engine";" automatic";50002;"Papakura City"
"ToyotaWish2005";2005;91659;" Station Wagon";" 1800cc petrol engine";" automatic";6350;"Auckland"
"ToyotaWish2007";2007;121981;" Station Wagon";" 1790cc petrol engine";" automatic";8590;"Hamilton"
"ToyotaWishGRacey7Seater2005";2005;117700;" Station Wagon";" 1998cc petrol engine";" automatic";10995;"Southland"
"ToyotaWishReversingcamera!!!2008";2008;101000;" Van";" 1800cc petrol engine";" automatic";9200;"Auckland"
"ToyotaWish2.0GVeryLowK's*ONLY59,815km*2010";2010;59815;" Station Wagon";" 2000cc petrol engine";" automatic";20950;"Auckland"
"ToyotaWish2008";2008;154921;" Van";" 2000cc petrol engine";NA;7995;"Manukau City"
"ToyotaWish7SEATER!LOWKMS2004";2004;65500;" Station Wagon";" 1800cc petrol engine";" automatic";6000;"Manukau City"
"ToyotaWish*Was$179902010";2010;76245;" Station Wagon";" 1790cc petrol engine";" automatic";16850;"Auckland"
"ToyotaWish2005";2005;92357;" RV/SUV";" 1794cc petrol engine";" automatic";7950;"Waikato"
"ToyotaWishLowKms$59PW2004";2004;154000;" Station Wagon";" 1800cc petrol engine";" automatic";4995;"Auckland"
"ToyotaWish1800cc7Seater2006";2006;87876;" Van";" 1800cc petrol engine";" automatic";7985;"Auckland"
"ToyotaWish1800cc##GreatCondition##2004";2004;93000;" Van";" 1800cc petrol engine";" automatic";5990;"Auckland"
"ToyotaWish2005";2005;97380;" Van";" 1800cc petrol engine";" automatic";9995;"Waikato"
"ToyotaWishWIDEBODY,FACELIFT2005";2005;143000;" Station Wagon";" 2000cc petrol engine";" automatic";5400;"Auckland City"
"ToyotaWish2005";2005;102000;" Station Wagon";" 1800cc petrol engine";" automatic";6800;"Auckland"
"ToyotaWish7SeatwithSUNROOF2005";2005;79500;" Station Wagon";" 2000cc petrol engine";" automatic";10495;"Otago"
"ToyotaWish-ELLERSLIEXSPackageAAApp...2005";2005;99396;" Van";" 1800cc petrol engine";" automatic";6930;"Auckland"
"ToyotaWish2.07Seater2005";2005;64775;" Station Wagon";" 1990cc petrol engine";" automatic";7990;"Palmerston North"
"ToyotaWish7Seats2004";2004;74500;" Station Wagon";" 1794cc petrol engine";" automatic";9995;"Southland"
"ToyotaWishEasy$29PW2004";2004;87000;" Station Wagon";" 1990cc petrol engine";" automatic";5995;"Auckland"
"ToyotaWish1.8X2009";2009;48057;" Van";" 1800cc petrol engine";" automatic";15980;"Auckland"
"ToyotaWish2006";2006;145498;" Van";" 1800cc petrol engine";" automatic";7990;"Nelson Bays"
"ToyotaWish7seater2004";2004;95000;" Station Wagon";" 1790cc petrol engine";" automatic";4999;"Rotorua"
"ToyotaWish2007";2007;132835;" Station Wagon";" 1794cc petrol engine";" automatic";7495;"Auckland"
"ToyotaWish2004";2004;118000;" RV/SUV";" 1794cc petrol engine";" automatic";6600;"Palmerston North"
"ToyotaWish2.0Wagon2010";2010;72625;" Station Wagon";" 1986cc petrol engine";" automatic";18490;"Taranaki"
"ToyotaWish2007";2007;94000;" Van";" 1800cc petrol engine";" automatic";7600;"Auckland"
"ToyotaWish7Seater2006";2006;83183;" Van";" 2000cc petrol engine";" automatic";6985;"Auckland"
"ToyotaWishLOWKM2004";2004;75000;" Station Wagon";" 1800cc petrol engine";" automatic";700;"Auckland"
"ToyotaWish1.8L5DOORS!!!!!!!2004";2004;139517;" Station Wagon";" 1794cc petrol engine";" automatic";6750;"Manukau City"
"ToyotaWish2.0ZSport2005";2005;77800;" Station Wagon";" 2000cc petrol engine";" automatic";8950;"Auckland"
"ToyotaWishFACELIFT,ALLOYS2007";2007;132000;" Station Wagon";" 1800cc petrol engine";" automatic";5400;"Auckland City"
"ToyotaWish1.8XAERO2008";2008;46730;" Station Wagon";" 1800cc petrol engine";" automatic";12990;"Canterbury"
"ToyotaWish2005";2005;92782;" Station Wagon";" 1800cc petrol engine";" automatic";6990;"Hamilton"
"ToyotaWish$1Dep.$54Wk2005";2005;102837;" Station Wagon";" 1800cc petrol engine";" automatic";7990;"Canterbury"
"ToyotaWish$1Dep.$54Wk2005";2005;115413;" Station Wagon";" 1800cc petrol engine";" automatic";7990;"Canterbury"
"ToyotaWish9.95%Interest2004";2004;73000;" Station Wagon";" 1794cc petrol engine";" automatic";9995;"Otago"
"ToyotaWish1.8X2009";2009;54145;" Van";" 1800cc petrol engine";" automatic";14689;"Auckland"
"ToyotaWish1.8Seater2003";2003;179257;" RV/SUV";" 1794cc petrol engine";" automatic";202020;"Porirua"
"ToyotaWish7SEATER2006";2006;109944;" Van";" 1800cc";" automatic";9995;"Waikato"
"ToyotaWish2005";2005;126000;" Station Wagon";" 1790cc petrol engine";" automatic";5950;"Hamilton"
"ToyotaWish2006";2006;101000;" Van";" 1800cc petrol engine";" automatic";7300;"Auckland"
"ToyotaWish2006";2006;109700;" Station Wagon";" 1800cc petrol engine";" tiptronic";6990;"Hamilton"
"ToyotaWish5DXSPORTPACK2004";2004;83000;" Station Wagon";" 1800cc petrol engine";" automatic";6500;"Auckland"
"ToyotaWish2004";2004;82500;" Station Wagon";" 1800cc petrol engine";" automatic";6490;"Hamilton"
"ToyotaWish*freewarrantyfreedelivery*2005";2005;59042;" RV/SUV";" 1800cc petrol engine";" automatic";7500;"Hawke's Bay"
"ToyotaWish7Seater2005";2005;182264;" RV/SUV";" 1794cc petrol engine";" automatic";7000;"Hamilton"
"ToyotaWishGSpec,Keyless,R/C2005";2005;62968;" Station Wagon";" petrol engine";" tiptronic";7999;"Auckland"
"ToyotaWish2005";2005;88074;" RV/SUV";" 1794cc petrol engine";" automatic";6500;"North Shore"
"ToyotaWish*FACELIFT*ALLOYS*2005";2005;114000;" Station Wagon";" 1800cc petrol engine";" automatic";5480;"Auckland City"
"ToyotaWish2005";2005;104000;" Van";" 1800cc petrol engine";" automatic";6800;"Auckland"
"ToyotaWish2004";2004;67806;" Station Wagon";" 1800cc petrol engine";" automatic";6200;"Auckland City"
"ToyotaWish2006";2006;133857;" RV/SUV";" 1998cc petrol engine";" automatic";7500;"Palmerston North"
"ToyotaWish2004";2004;133577;" RV/SUV";" 1794cc petrol engine";" automatic";4900;"Otorohanga"
"ToyotaWish7SEATER!LOWKMS2004";2004;65500;" Station Wagon";" 1800cc petrol engine";" automatic";6000;"Manukau City"
"ToyotaWishLOWMILEAGE/FRONT&REVERSECAMERA2004";2004;84200;" Station Wagon";" 1998cc petrol engine";" automatic";6990;"Manukau City"
"ToyotaWishXS2005";2005;108250;" Van";" 1800cc petrol engine";" automatic";8990;"Waikato"
"ToyotaWishG2007";2007;78870;" Van";" 2000cc petrol engine";" automatic";10990;"Waikato"
"ToyotaWishX*AACERTIFIED*2005";2005;76454;" RV/SUV";" 1800cc petrol engine";" automatic";6500;"North Shore"
"ToyotaWish2005";2005;65540;" Station Wagon";" 1800cc petrol engine";" automatic";6700;"Auckland City"
"ToyotaWish1.8S/GreatCondition2005";2005;105000;" Van";" 1800cc petrol engine";" automatic";5490;"Auckland"
"ToyotaWish*StunningCarwithBeautiful...2006";2006;91000;" Van";" 1794cc petrol engine";" automatic";6680;"Auckland"
"ToyotaWish7seater2004";2004;95493;" Station Wagon";" 1800cc petrol engine";" automatic";7990;"Hawke's Bay"
"ToyotaWishXSPACKAGE2005";2005;107559;" Station Wagon";" 1800cc petrol engine";" automatic";8990;"Canterbury"
"ToyotaWishXSAero2008";2008;90848;" Van";" 1800cc petrol engine";" automatic";8500;"Auckland"
"ToyotaWish2005";2005;95000;" Hatchback";" 1800cc petrol engine";" automatic";6300;"Manukau City"
"ToyotaWishXAeroSportspackage2005";2005;92800;" Station Wagon";" 1800cc petrol engine";" automatic";7495;"Auckland"
"ToyotaWishCHAINDRIVEN7SEATER2007";2007;79007;" Station Wagon";" 2000cc petrol engine";" automatic";7999;"Auckland"
"ToyotaWish2005";2005;114569;" Van";" 1800cc petrol engine";" automatic";6999;"Auckland"
"ToyotaWish1.8S2009";2009;73280;" Van";" 1800cc petrol engine";" automatic";15980;"Auckland"
"ToyotaWish$11,999WITHOFFER$9,9992007";2007;73582;" Station Wagon";" 1800cc petrol engine";" tiptronic";11999;"Canterbury"
"ToyotaWish2005";2005;37980;" Station Wagon";" 1794cc petrol engine";" tiptronic";9995;"Otago"
"ToyotaWish1.8LXLTD2007";2007;104000;" Station Wagon";" 1800cc petrol engine";" automatic";7990;"Auckland"
"ToyotaWish*StunningCarwithBeautiful...2005";2005;96000;" Van";" 1794cc petrol engine";" automatic";6240;"Auckland"
"ToyotaWish2004";2004;134600;" RV/SUV";" 1794cc petrol engine";" automatic";5395;"Auckland City"
"ToyotaWishX2007";2007;93000;" Station Wagon";" 1800cc petrol engine";" automatic";7700;"Auckland"
"ToyotaWish2005";2005;109549;" Van";" 1794cc petrol engine";" automatic";7995;"Waikato"
"ToyotaWish1.8XS4WDFacelift*BudgetBr...2005";2005;125000;" Station Wagon";" 1800cc petrol engine";" automatic";6788;"Canterbury"
"ToyotaWishBrandnewtyres,Reversingcam...2005";2005;93000;" Station Wagon";" 1800cc petrol engine";" automatic";6700;"Auckland"
"ToyotaWish2007";2007;91697;" Station Wagon";" 1998cc petrol engine";" automatic";11995;"Waikato"
"ToyotaWish7Seater2007";2007;74311;" Van";" 1800cc petrol engine";" automatic";7850;"Auckland"
"ToyotaWish7SEATER-ELLERSLIEXSPacka...2004";2004;128267;" Van";" 1800cc petrol engine";" automatic";5930;"Auckland"
"ToyotaWish2005";2005;99000;" Station Wagon";" 2000cc petrol engine";" automatic";8499;"Canterbury"
"ToyotaWishG2008";2008;81857;" Van";" 2000cc petrol engine";" automatic";10999;"Canterbury"
"ToyotaWishsportsS2004";2004;153170;" RV/SUV";" 1998cc petrol engine";" automatic";5100;"Hastings"
"ToyotaWish1.8XAeroSportsPackage2005";2005;160836;" Station Wagon";" 1800cc petrol engine";" tiptronic";8999;"Canterbury"
"ToyotaWishLowkm,FACELIFT2007";2007;72940;" Station Wagon";" 1800cc petrol engine";" automatic";8995;"Auckland"
"ToyotaWishX-S1.8SportLowKM2006";2006;78123;" Van";" 1790cc petrol engine";" automatic";6995;"Auckland"
"ToyotaWishNewShape/1.8L/ReverseCamera2011";2011;54000;" Station Wagon";" 1800cc petrol engine";" automatic";16990;"Auckland"
"ToyotaWish1.8L7SeatersTidywagon2007";2007;116508;" Station Wagon";" 1790cc petrol engine";" automatic";6490;"Auckland"
"ToyotaWish1.8AeroSportsPackage2005";2005;110044;" Station Wagon";" 1800cc petrol engine";" automatic";8990;"Canterbury"
"ToyotaWish2009";2009;39000;" Station Wagon";" 1800cc petrol engine";" automatic";13989;"Auckland"
"ToyotaWish7Seat*HotLook!*2005";2005;71010;" Van";" 1800cc petrol engine";" automatic";7450;"Auckland"
"ToyotaWish1.8LCamchainVerytidywagon...2007";2007;126494;" Station Wagon";" 1790cc petrol engine";" automatic";6490;"Auckland"
"ToyotaWish**NiceAlloys**2004";2004;88901;" Van";" 1800cc petrol engine";" automatic";5970;"Auckland"
"ToyotaWishX2007";2007;63248;" Station Wagon";" 1790cc petrol engine";" automatic";11990;"Bay of Plenty"
"ToyotaWishZ2005";2005;148000;" RV/SUV";" 2000cc petrol engine";" automatic";6000;"Timaru"
"ToyotaWishX***ROOFMOUNTEDSCREEN***2006";2006;94000;" Station Wagon";" 1800cc petrol engine";" automatic";7490;"Auckland"
"ToyotaWish7seater2004";2004;118007;" RV/SUV";" 1794cc petrol engine";" automatic";6900;"Palmerston North"
"ToyotaWishCHAINDRIVEN7SEATER2003";2003;173097;" Station Wagon";" 1800cc petrol engine";" automatic";4300;"Auckland"
"ToyotaWish1.8XS2004";2004;116900;" Station Wagon";" 1800cc petrol engine";" automatic";6990;"Canterbury"
"ToyotaWish1.8XSSport7seatersnicecar2004";2004;134792;" Station Wagon";" 1790cc petrol engine";" automatic";5399;"Auckland"
"ToyotaWish2005";2005;135621;" RV/SUV";" 1794cc petrol engine";" automatic";5000;"Waitakere City"
"ToyotaWishX2005";2005;123400;" Station Wagon";" 1794cc petrol engine";" automatic";8995;"Otago"
"ToyotaWish2004";2004;149150;" Station Wagon";" 1794cc petrol engine";" automatic";5100;"Waitakere City"
"ToyotaWish-from$36.78weekly-Dunedin...2004";2004;65374;" Station Wagon";" 1800cc petrol engine";" automatic";6479;"Otago"
"ToyotaWishXSPACKAGE2004";2004;63899;" Station Wagon";" 1790cc petrol engine";" automatic";8990;"Bay of Plenty"
"ToyotaWish1.8XNeo7SeatWagon2005";2005;97538;" Station Wagon";" 1800cc petrol engine";" automatic";8990;"Canterbury"
"ToyotaWishXAeroSportpackageLowKs2005";2005;68000;" Station Wagon";" 1800cc petrol engine";" automatic";8495;"Auckland"
"ToyotaWish-MANUKAUXSPackageAAAppra...2005";2005;112327;" Van";" 1800cc petrol engine";" automatic";6930;"Auckland"
"ToyotaWish1.8S2009";2009;29926;" Station Wagon";" 1790cc petrol engine";" automatic";17990;"Canterbury"
"ToyotaWish7SeatsNoDepositFinance2005";2005;76050;" Station Wagon";" 1800cc petrol engine";" automatic";9999;"Otago"
"ToyotaWish7SeatFamilyWagon2005";2005;122600;" Station Wagon";" 1794cc petrol engine";" automatic";8995;"Southland"
"ToyotaWishXLimited**AmazingXmasSpecia...2006";2006;96000;" Van";" 1800cc petrol engine";" automatic";7800;"Auckland"
"ToyotaWishXNEOEdition**AmazingXmasSp...2004";2004;96000;" Van";" 1800cc petrol engine";" automatic";6500;"Auckland"
"ToyotaWishReverseCamera2005";2005;95045;" RV/SUV";" 1794cc petrol engine";" automatic";6400;"Hamilton"
"ToyotaWish2006";2006;95950;" Van";" 1794cc petrol engine";" automatic";6995;"Wellington City"
"ToyotaWish2005";2005;180000;" RV/SUV";" 1794cc petrol engine";" automatic";4899;"Auckland City"
"ToyotaWishAeroSport/NZGPS2007";2007;66500;" Van";" 1794cc petrol engine";" automatic";10950;"Hamilton"
"ToyotaWish1800cc7Seater2005";2005;80530;" Van";" 1800cc petrol engine";" tiptronic";6985;"Auckland"
"ToyotaWishX2010";2010;62780;" Van";" 1800cc petrol engine";" automatic";16980;"Auckland"
"ToyotaWish..FREEONROADCOSTS.2005";2005;67000;" Station Wagon";" 1800cc petrol engine";" automatic";8990;"Manawatu"
"ToyotaWish2004";2004;129882;" RV/SUV";" 1998cc petrol engine";" automatic";6980;"Manawatu"
"ToyotaWish2005";2005;148061;" Station Wagon";" 1794cc petrol engine";" automatic";7995;"Northland"
"ToyotaWish2.0G2005";2005;24500;" Station Wagon";" 2000cc petrol engine";" automatic";11990;"Canterbury"
"ToyotaWish7SeaterOnly65000Kms2004";2004;65372;" Station Wagon";" 1800cc petrol engine";" automatic";8999;"Nelson Bays"
"ToyotaWishSport2006";2006;96528;" Station Wagon";" 1990cc petrol engine";" automatic";9995;"Wellington"
"ToyotaWishXSPACKAGE2005";2005;125485;" Station Wagon";" 1800cc petrol engine";" automatic";8990;"Canterbury"
"ToyotaWish1.8L7Seater1YearWarrantyFree2004";2004;109542;" Van";" 1800cc petrol engine";" automatic";6490;"Canterbury"
"ToyotaWishLowkm1.8LVVTI2007";2007;47265;" Station Wagon";" 1800cc petrol engine";" automatic";9495;"Auckland"
"ToyotaWishG7Seat2000cclowkm2004";2004;67289;" Station Wagon";" 2000cc petrol engine";" automatic";9999;"Otago"
"ToyotaWish2005";2005;113507;" Van";" 1800cc petrol engine";" automatic";9995;"Waikato"
"ToyotaWish2004";2004;75089;" Station Wagon";" 1800cc petrol engine";" automatic";9490;"Canterbury"
"ToyotaWishZtopspec,widebody2005";2005;130246;" Van";" 2000cc petrol engine";" automatic";6950;"Southland"
"ToyotaWishSports7seats2004";2004;121886;" Van";" 1800cc petrol engine";" automatic";6990;"Southland"
"ToyotaWish2004";2004;105000;" RV/SUV";" 1794cc petrol engine";" automatic";5990;"Manukau City"
"ToyotaWish2005";2005;96000;" Hatchback";" 1800cc petrol engine";" automatic";6500;"Auckland City"
"ToyotaWish2.0Sport2004";2004;102417;" Station Wagon";" 2000cc petrol engine";" automatic";5989;"Canterbury"
"ToyotaWish2.0Z2009";2009;54912;" Station Wagon";" 2000cc petrol engine";" automatic";19999;"Canterbury"
"ToyotaWish1800cc7Seater2007";2007;73787;" Van";" 1800cc petrol engine";" tiptronic";8985;"Auckland"
"ToyotaWish-MANUKAUAAAppraisedJust2...2004";2004;133912;" Hatchback";" 1800cc petrol engine";" automatic";6930;"Auckland"
"ToyotaWish2006";2006;126317;" Van";" 2000cc petrol engine";" automatic";5990;"Auckland"
"ToyotaWish1.8XAeroSportPack2006";2006;97423;" Station Wagon";" 1800cc petrol engine";" automatic";9990;"Canterbury"
"ToyotaWishXSPackage2004";2004;138000;" Station Wagon";" 1800cc petrol engine";" automatic";8999;"Canterbury"
"ToyotaWish7SeaterWagon2005";2005;90451;" Station Wagon";" 1800cc petrol engine";" automatic";7990;"Auckland"
"ToyotaWishXS-Package(FREEDELIVERY*2004";2004;64000;" Station Wagon";" 1800cc petrol engine";" automatic";9999;"Nelson Bays"
"ToyotaWish1.8L2005";2005;95000;" Station Wagon";" 1794cc petrol engine";" automatic";9990;"Timaru - Oamaru"
"ToyotaWishX2005";2005;78000;" Station Wagon";" 1800cc petrol engine";" automatic";6990;"Auckland"
"ToyotaWish2WD/4WD.CD/DVD/MP32007";2007;114324;" Station Wagon";" 1800cc petrol engine";" automatic";6650;"Auckland"
"ToyotaWish2007";2007;112549;" Van";" 1800cc petrol engine";" automatic";9995;"Waikato"
"ToyotaWish2007";2007;98627;" Station Wagon";" 1794cc petrol engine";" automatic";9990;"Wellington"
"ToyotaWish2.0Z2004";2004;105530;" Station Wagon";" 2000cc petrol engine";" automatic";8950;"Canterbury"
"ToyotaWishX2006";2006;30290;" Station Wagon";" 1800cc petrol engine";" automatic";8990;"Canterbury"
"ToyotaWishXLimited2006";2006;60605;" Station Wagon";" 1800cc petrol engine";" automatic";12990;"Hawke's Bay"
"ToyotaWishRecersingCamera,Alloy2004";2004;138000;" Station Wagon";" 1800cc petrol engine";" automatic";5800;"Auckland"
"ToyotaWish2004";2004;134677;" RV/SUV";" 2000cc petrol engine";" automatic";7995;"Waikato"
"ToyotaWishBIGALLOWWHEELSHIDLIGHT2009";2009;76750;" Station Wagon";" 1800cc petrol engine";" automatic";16995;"Auckland"
"ToyotaWish1.8S/GreatCondition2005";2005;128940;" Van";" 1800cc petrol engine";" automatic";4990;"Auckland"
"ToyotaWish1.8Leather*BudgetBranch*2003";2003;156000;" Station Wagon";" 1800cc petrol engine";" automatic";5688;"Canterbury"
"ToyotaWishX,ReverseCamera2005";2005;101000;" Station Wagon";" 1800cc petrol engine";" automatic";6700;"Auckland"
"ToyotaWish1.8L7SeaterPre-ArrivalSale...2004";2004;110086;" Van";" 1800cc petrol engine";" automatic";6490;"Canterbury"
"ToyotaWish2.0Z2005";2005;136850;" Station Wagon";" 2000cc petrol engine";" automatic";6990;"Canterbury"
"ToyotaWish*StunningCarwithBeautiful...2004";2004;83000;" Van";" 1998cc petrol engine";" automatic";6240;"Auckland"
"ToyotaWishAAAppraised2007";2007;97937;" Station Wagon";" 1800cc petrol engine";" automatic";7950;"Auckland"
"ToyotaWish2006";2006;108845;" Station Wagon";" 1794cc petrol engine";" automatic";10985;"Gisborne"
"ToyotaWish2005";2005;72105;" Van";" 1794cc petrol engine";" automatic";7990;"Auckland"
"ToyotaWish1.8X**WEEKENDSPECIAL**2007";2007;107000;" Station Wagon";" 1800cc petrol engine";" automatic";7490;"Auckland"
"ToyotaWish20Z/6Seater2005";2005;83100;" Van";" 2000cc petrol engine";" tiptronic";12440;"Wellington"
"ToyotaWish2004";2004;149806;" RV/SUV";" 1998cc petrol engine";" automatic";6900;"Southland"
"ToyotaWish1.87SEATER2007";2007;101832;" Station Wagon";" 1800cc petrol engine";" automatic";8995;"Otago"
"ToyotaWishG2008";2008;113730;" Station Wagon";" 2000cc petrol engine";" automatic";11990;"Taranaki"
"ToyotaWish1.8XAerosportsPkg2006";2006;71922;" Station Wagon";" 1794cc petrol engine";" automatic";12290;"Auckland"
"ToyotaWish7SEATSGREATBUYING2006";2006;114000;" Van";" 1800cc petrol engine";" automatic";7995;"Wellington"
"ToyotaWish2006";2006;122000;" Station Wagon";" 2000cc petrol engine";" automatic";5890;"Auckland"
"ToyotaWish2.02004";2004;96517;" Station Wagon";" 1998cc petrol engine";" automatic";9999;"Otago"
"ToyotaWishGNEOEDITION2005";2005;96189;" Station Wagon";" 2000cc petrol engine";" automatic";8990;"Canterbury"
"ToyotaWish1.8XSPackage2004";2004;36397;" Station Wagon";" 1794cc petrol engine";" automatic";12390;"Auckland"
"ToyotaWishX2005";2005;77782;" Van";" 1790cc petrol engine";" automatic";9990;"Bay of Plenty"
"ToyotaWish2.0ZWagon2005";2005;96245;" Station Wagon";" 1998cc petrol engine";" automatic";11990;"Taranaki"
"ToyotaWish1.8XAERO2008";2008;114970;" Station Wagon";" 1800cc petrol engine";" automatic";9990;"Canterbury"
"ToyotaWish4WD2005";2005;99000;" Station Wagon";" 1800cc petrol engine";" automatic";9990;"Canterbury"
"ToyotaWish2.0GBodykit*BudgetBranch*2004";2004;123000;" Station Wagon";" 2000cc petrol engine";" automatic";6388;"Canterbury"
"ToyotaWish-MANUKAUZAAAppraisedJust...2006";2006;148782;" Van";" 2000cc petrol engine";" automatic";6930;"Auckland"
"ToyotaWishG7Seater-MANUKAUAAApprai...2004";2004;102033;" Hatchback";" 2000cc petrol engine";" automatic";5430;"Auckland"
"ToyotaWish2004";2004;107500;" RV/SUV";" 1794cc petrol engine";" automatic";5250;"Waitakere City"
"ToyotaWishXAEROSPORTSFACELIFT2005";2005;103763;" Station Wagon";" 1800cc petrol engine";" automatic";7990;"Canterbury"
"ToyotaWish2009";2009;80000;" Station Wagon";" 1800cc petrol engine";" automatic";11999;"Auckland"
"ToyotaWishZAAAppraised2004";2004;98086;" Van";" 2000cc petrol engine";" tiptronic";6750;"Auckland"
"ToyotaWish1.8S2005";2005;94522;" Station Wagon";" 1794cc petrol engine";" automatic";9999;"Otago"
"ToyotaWish2.0ZCVT2004";2004;74714;" Station Wagon";" 1998cc petrol engine";" automatic";11290;"Auckland"
"ToyotaWish2007";2007;123606;" Van";" 1790cc petrol engine";" tiptronic";5790;"Auckland"
"ToyotaWishX2005";2005;99462;" Station Wagon";" 1800cc petrol engine";" automatic";8990;"Canterbury"
"ToyotaWishX-SPKG2005";2005;69972;" Van";" 1790cc petrol engine";" automatic";9990;"Bay of Plenty"
"ToyotaWish7SeatTidy$55P/Week2004";2004;91000;" RV/SUV";" 1794cc petrol engine";" automatic";9896;"Bay of Plenty"
"ToyotaWish18XS-Aero2004";2004;92140;" Station Wagon";" 1800cc petrol engine";" automatic";10995;"Taranaki"
"ToyotaWish2004";2004;67898;" Station Wagon";" 1800cc petrol engine";" automatic";7999;"Canterbury"
"ToyotaWish2005";2005;66400;" Station Wagon";" 1990cc";" automatic";11990;"Northland"
"ToyotaWish1.8**7SEATER**2006";2006;84672;" Station Wagon";" 1800cc petrol engine";" tiptronic";9995;"Waikato"
"ToyotaWishXAEROSPORTPACKAGE2005";2005;72333;" Van";" 1790cc petrol engine";" automatic";9990;"Bay of Plenty"
"ToyotaWishVSC2004";2004;123000;" Station Wagon";" 1800cc petrol engine";" automatic";6200;"Manukau City"
"ToyotaWishZ#1YEARWARRANTYFREE2004";2004;93541;" Van";" 2000cc petrol engine";" automatic";8999;"Canterbury"
"ToyotaWish1.8XSPackage2004";2004;52969;" Station Wagon";" 1794cc petrol engine";" automatic";11590;"Auckland"
"ToyotaWish/X-Sport==ClearanceSale==2005";2005;92400;" Station Wagon";" 1800cc petrol engine";" automatic";6590;"Auckland"
"ToyotaWishXSSportGrade4.5,81Kms2005";2005;80526;" Station Wagon";" 1800cc petrol engine";" automatic";9995;"Nelson Bays"
"ToyotaWishX-SPKG2004";2004;79677;" Station Wagon";" 1790cc petrol engine";" automatic";8990;"Bay of Plenty"
"ToyotaWish2007";2007;138865;" Station Wagon";" 1800cc petrol engine";" automatic";9995;"Northland"
"ToyotaWish2.0GCVT2005";2005;117188;" Station Wagon";" 1998cc petrol engine";" automatic";10140;"Auckland"
"ToyotaWishXSPACKAGE2004";2004;164317;" Station Wagon";" 1790cc petrol engine";" automatic";6990;"Hastings"
"ToyotaWish2.0ZWideBody2005";2005;83464;" Station Wagon";" 2000cc petrol engine";" automatic";9999;"Nelson Bays"
"ToyotaWish1800wagon,Alloy2004";2004;137000;" Station Wagon";" 1800cc petrol engine";" automatic";5800;"Auckland"
"ToyotaWish1.8X2005";2005;67165;" Station Wagon";" 1794cc petrol engine";" automatic";10940;"Auckland"
"ToyotaWish1.8****JUSTARRIVED****2009";2009;84000;" Station Wagon";" 1800cc petrol engine";" automatic";12990;"Auckland"
"ToyotaWish1.8XSPackage2005";2005;125519;" Station Wagon";" 1794cc petrol engine";" automatic";9490;"Auckland"
"ToyotaWish2005";2005;75381;" Station Wagon";" 1794cc petrol engine";" automatic";7995;"Otago"
"ToyotaWish6SEATER2005";2005;120266;" Station Wagon";" 1998cc petrol engine";" automatic";7995;"Wellington"
"ToyotaWish1.8XAerosportsPkg2008";2008;65634;" Station Wagon";" 1794cc petrol engine";" automatic";13690;"Auckland"
"ToyotaWishPearlWhite2005";2005;139753;" Station Wagon";" 1998cc petrol engine";" automatic";8290;"Auckland City"
"ToyotaWish2004";2004;129000;" Station Wagon";" 1800cc petrol engine";" automatic";5475;"Auckland"
"ToyotaWish2006";2006;92195;" Station Wagon";" 2000cc petrol engine";" automatic";7990;"Wanganui"
"ToyotaWish1.8LLOWKM60K7SEATERS2004";2004;60103;" Station Wagon";" 1790cc petrol engine";" automatic";6750;"Auckland"
"ToyotaWish2004";2004;139744;" Station Wagon";" 1790cc petrol engine";" automatic";6885;"Hawke's Bay"
"ToyotaWish5DoorWagon,1.8L2008";2008;65770;" Station Wagon";" 1794cc petrol engine";" automatic";13495;"Waikato"
"ToyotaWish2.0ZWideBody2004";2004;92586;" Station Wagon";" 2000cc petrol engine";" tiptronic";8990;"Auckland"
"ToyotaWish1.8L7Seater2004";2004;134867;" Van";" 1800cc petrol engine";" automatic";6450;"Southland"
"ToyotaWish**7SEATERFAMILYCAR**2005";2005;79473;" Station Wagon";" 1990cc petrol engine";" automatic";7999;"Auckland"
"ToyotaWish17Alloys,WideBody2006";2006;90267;" Station Wagon";" 1990cc petrol engine";" automatic";8990;"Northland"
"ToyotaWishZ2006";2006;148000;" Station Wagon";" 2000cc petrol engine";" automatic";9999;"Canterbury"
"ToyotaWish2006";2006;48400;" Station Wagon";" 1790cc petrol engine";" automatic";11990;"Northland"
"ToyotaWishZEDITION2010";2010;41080;" Hatchback";" 2000cc petrol engine";" automatic";19995;"Auckland"
"ToyotaWish-MANUKAUXSAAAppraisedJust...2004";2004;126250;" Van";" 1800cc petrol engine";" automatic";6430;"Auckland"
"ToyotaWishAeroSports2005";2005;84000;" Station Wagon";" 1800cc petrol engine";" automatic";11995;"Waikato"
"ToyotaWish1.8L7Seater2005";2005;88138;" Van";" 1800cc petrol engine";" automatic";7650;"Southland"
"ToyotaWish1.8XFacelift2006";2006;100519;" Station Wagon";" 1800cc petrol engine";" automatic";7995;"Auckland"
"ToyotaWish-ELLERSLIEXAeroSportsPack...2005";2005;125788;" Van";" 1800cc petrol engine";" automatic";6930;"Auckland"
"ToyotaWish-MANUKAUZAAAppraisedJust...2004";2004;137965;" Van";" 2000cc petrol engine";" automatic";7430;"Auckland"
"ToyotaWish1.8S/GreatCondition2004";2004;109590;" Van";" 1800cc petrol engine";" automatic";5290;"Auckland"
"ToyotaWishZWideBodyAAAppraised2004";2004;110000;" Van";" 2000cc petrol engine";" automatic";6950;"Auckland"
"ToyotaWish2004";2004;93116;" Station Wagon";" 1990cc petrol engine";" automatic";8999;"Otago"
"ToyotaWish2005";2005;134214;" RV/SUV";" 1794cc petrol engine";" automatic";6995;"Napier"
"ToyotaWishXSPACKAGE2004";2004;124510;" Van";" 1800cc petrol engine";" automatic";5589;"Auckland"
"ToyotaWish2005";2005;74940;" Hatchback";" 1800cc petrol engine";" automatic";7900;"Auckland"
"ToyotaWish4WDSPORTS2007";2007;118530;" Station Wagon";" 1800cc petrol engine";" automatic";9990;"Canterbury"
"ToyotaWish2.0Z2004";2004;163073;" Station Wagon";" 2000cc petrol engine";" automatic";6490;"Canterbury"
"ToyotaWishZ6Standout$63P/Week2005";2005;135000;" RV/SUV";" 1998cc petrol engine";" automatic";10767;"Bay of Plenty"
"ToyotaWish1.8XLIMITED2007";2007;92800;" Station Wagon";" 1794cc petrol engine";" automatic";11190;"Auckland"
"ToyotaWish2.0GCVT2005";2005;46545;" Station Wagon";" 1998cc petrol engine";" automatic";11740;"Auckland"
"ToyotaWish1.8XSPackage2005";2005;111754;" Station Wagon";" 1794cc petrol engine";" automatic";9890;"Auckland"
"ToyotaWishX2004";2004;40732;" Van";" 1794cc petrol engine";" automatic";9995;"Otago"
"ToyotaWish2005";2005;79700;" Station Wagon";" 1794cc petrol engine";" automatic";9995;"Southland"
"ToyotaWish2004";2004;109825;" Station Wagon";" 2000cc petrol engine";" automatic";7990;"Canterbury"
"ToyotaWish2.0ZCVT2005";2005;72476;" Station Wagon";" 1998cc petrol engine";" automatic";12290;"Auckland"
"ToyotaWishXAEROSPORTSPACKAGE2007";2007;69348;" Station Wagon";" 1790cc petrol engine";" tiptronic";10995;"Waikato"
"ToyotaWishXAEROSPORTSPACKAGE2007";2007;65278;" Station Wagon";" 1790cc petrol engine";" tiptronic";10995;"Waikato"
"ToyotaWish2012";2012;19270;" Van";" 1790cc petrol engine";" automatic";22995;"Bay of Plenty"
"ToyotaWishXSPack2004";2004;120792;" Station Wagon";" 1800cc petrol engine";" automatic";8999;"Canterbury"
"ToyotaWish1.8XG2005";2005;92821;" Van";" 1800cc petrol engine";" automatic";7490;"Wellington"
"ToyotaWish2.0ZCVT2006";2006;92463;" Station Wagon";" 1998cc petrol engine";" automatic";11490;"Auckland"
"ToyotaWish2004";2004;98369;" Station Wagon";" 1790cc petrol engine";" automatic";8999;"Otago"
"ToyotaWishNODEPFROM$51.53P/WK2005";2005;113410;" Station Wagon";" 2000cc petrol engine";" automatic";8995;"Auckland"
"ToyotaWish1.82006";2006;97614;" Station Wagon";" 1794cc petrol engine";" automatic";9999;"Otago"
"ToyotaWish7SEATER2005";2005;82900;" Station Wagon";" 2000cc petrol engine";" automatic";9995;"Gisborne"
"ToyotaWish2008";2008;67629;" Van";" 1800cc petrol engine";" automatic";10995;"Auckland"
"ToyotaWish18XLimited(NowonSALE)2007";2007;69201;" Station Wagon";" 1800cc petrol engine";" automatic";9995;"Hawke's Bay"
"ToyotaWishXEPackage.(NowonSALE)2006";2006;80522;" Station Wagon";" 1800cc petrol engine";" automatic";8995;"Hawke's Bay"
"ToyotaWishXS2005";2005;107700;" RV/SUV";" 1794cc petrol engine";" automatic";7900;"Ashburton"
"ToyotaWish2005";2005;113552;" Van";" 1800cc petrol engine";" automatic";7990;"Otago"
"ToyotaWishx2005";2005;124309;" Station Wagon";" 1800cc petrol engine";" automatic";8999;"Canterbury"
"ToyotaWish2005";2005;77000;" Hatchback";" 1800cc petrol engine";" automatic";6800;"Auckland"
"ToyotaWish2.0Z2005";2005;139800;" Station Wagon";" 2000cc petrol engine";" automatic";6990;"Canterbury"
"ToyotaWish*1YearWarranty&Servicing*2005";2005;86000;" Van";" 1998cc petrol engine";" automatic";8990;"Canterbury"
"ToyotaWishXAeroSports2005";2005;113000;" Station Wagon";" 1800cc petrol engine";" automatic";6990;"Canterbury"
"ToyotaWishFacelift7seaterAlloys2007";2007;127009;" Station Wagon";" 1790cc petrol engine";" automatic";6990;"Northland"
"ToyotaWish1.8L7Seater2005";2005;82949;" Van";" 1800cc petrol engine";" automatic";7450;"Southland"
"ToyotaWish2007";2007;99614;" Station Wagon";" 1790cc petrol engine";" automatic";7990;"Auckland"
"ToyotaWish5D4WDXS2005";2005;129070;" Van";" 1800cc petrol engine";" automatic";6450;"Southland"
"ToyotaWish2004";2004;119366;" Station Wagon";" 1800cc petrol engine";" automatic";8999;"Canterbury"
"ToyotaWish5DXSPACK2005";2005;114308;" Van";" 1800cc petrol engine";" automatic";8990;"Nelson Bays"
"ToyotaWish5DX-LTD2007";2007;101516;" Van";" 1800cc petrol engine";" automatic";8990;"Nelson Bays"
"ToyotaWishXAEROSPORT2005";2005;78310;" Hatchback";" 1800cc petrol engine";" automatic";9997;"Nelson Bays"
"ToyotaWish4Grade,1800cc,Non-CVT2004";2004;84000;" Station Wagon";" 1800cc petrol engine";" automatic";6299;"Auckland"
"ToyotaWish2005";2005;99730;" Station Wagon";" 2000cc petrol engine";" automatic";7990;"Otago"
"ToyotaWishXAeroSportPackage2007";2007;71015;" Van";" 1794cc petrol engine";" automatic";8980;"Auckland"
"ToyotaWish1.8XAerosportsPkg2007";2007;106807;" Station Wagon";" 1794cc petrol engine";" automatic";11340;"Auckland"
"ToyotaWish2005";2005;91701;" Hatchback";" 1800cc petrol engine";" automatic";7300;"Auckland"
"ToyotaWish2005";2005;107227;" Van";" 1800cc petrol engine";" automatic";6990;"Otago"
"ToyotaWish1.8SevenSeater2006";2006;89000;" RV/SUV";" 1794cc petrol engine";" automatic";8995;"Christchurch City"
"ToyotaWish**LOWMILEAGE67,393**2005";2005;67393;" Station Wagon";" 1794cc petrol engine";" automatic";6999;"Auckland"
"ToyotaWish1.8X2005";2005;96149;" Station Wagon";" 1794cc petrol engine";" automatic";9372;"Otago"
"ToyotaWish2005";2005;107167;" Station Wagon";" 1800cc petrol engine";" automatic";7990;"Nelson Bays"
"ToyotaWishXSPACKAGE2005";2005;123381;" Van";" 1800cc petrol engine";" automatic";6189;"Auckland"
"ToyotaWish2.0ZCVT2009";2009;69541;" Station Wagon";" 1986cc petrol engine";" automatic";18990;"Auckland"
"ToyotaWishZ2004";2004;154209;" Van";" 2000cc petrol engine";" automatic";5990;"Canterbury"
"ToyotaWish2.0GCVT2007";2007;92138;" Station Wagon";" 1998cc petrol engine";" automatic";11290;"Auckland"
"ToyotaWish2004";2004;137833;" Van";" 1794cc petrol engine";" automatic";7499;"Canterbury"
"ToyotaWish2.0GCVT2007";2007;91639;" Station Wagon";" 1998cc petrol engine";" automatic";10940;"Auckland"
"ToyotaWishXNEOEDITION2005";2005;88635;" Station Wagon";" 1800cc petrol engine";" automatic";11995;"Timaru - Oamaru"
"ToyotaWish2004";2004;99505;" Station Wagon";" 1790cc petrol engine";" automatic";8999;"Otago"
"ToyotaWish1.82006";2006;43963;" Station Wagon";" 1800cc petrol engine";" automatic";9999;"Otago"
"ToyotaWish7SEATERAUTO1.8L5DOOR7SE...2004";2004;61520;" Station Wagon";" 1800cc petrol engine";" automatic";11950;"Waikato"
"ToyotaWish2.0ZAeroAAAppraised2004";2004;72158;" Van";" 2000cc petrol engine";" tiptronic";7490;"Auckland"
"ToyotaWishX2007";2007;104000;" Station Wagon";" 1800cc petrol engine";" automatic";7490;"Auckland"
"ToyotaWishXSPACKAGE2005";2005;100314;" Van";" 1800cc petrol engine";" automatic";6889;"Auckland"
"ToyotaWish2.0ZCVT2005";2005;88757;" Station Wagon";" 1998cc petrol engine";" automatic";11690;"Auckland"
"ToyotaWishX2005";2005;122300;" Van";" 1800cc petrol engine";" automatic";6990;"Canterbury"
"ToyotaWishJustArrivedOneYearFreeWar...2004";2004;79000;" Van";" 1800cc";" automatic";6995;"Auckland"
"ToyotaWishXSPACKAGE2005";2005;106292;" Van";" 1800cc petrol engine";" automatic";6589;"Auckland"
"ToyotaWishZSport-Sunroof2005";2005;102522;" Van";" 2000cc";" automatic";10690;"Southland"
"ToyotaWishXSPACKAGE2005";2005;98223;" Van";" 1800cc petrol engine";" automatic";7189;"Auckland"
"ToyotaWish2004";2004;90000;" RV/SUV";" 1794cc petrol engine";" automatic";5995;"Auckland City"
"ToyotaWishZEdition2005";2005;72147;" Van";" 2000cc petrol engine";" automatic";9990;"Wellington"
"ToyotaWish2005";2005;121387;" Van";" 2000cc petrol engine";" automatic";6990;"Wanganui"
"ToyotaWish1.8L7Seater2004";2004;58361;" Van";" 1800cc petrol engine";" automatic";7950;"Southland"
"ToyotaWish2004";2004;113358;" RV/SUV";" 1794cc petrol engine";" automatic";5500;"Helensville"
"ToyotaWish#1YEARWARRANTYFREE2004";2004;120500;" Van";" 2000cc petrol engine";" automatic";8999;"Canterbury"
"ToyotaWish1.8S/GreatCondition2006";2006;85000;" Van";" 1800cc petrol engine";" automatic";6990;"Auckland"
"ToyotaWish1.8LCVTWagon2009";2009;69950;" Station Wagon";" 1797cc petrol engine";" automatic";17990;"Canterbury"
"ToyotaWishAuctionGrade4.52007";2007;70581;" Station Wagon";" 1800cc petrol engine";" automatic";9995;"Auckland"
"ToyotaWish1,8ltr7seater2005";2005;87166;" Van";" 1790cc petrol engine";" automatic";7990;"Auckland"
"ToyotaWish2004";2004;91234;" RV/SUV";" 1998cc petrol engine";" automatic";8995;"Timaru"
"ToyotaWish1.82005";2005;96642;" Van";" 1800cc petrol engine";" automatic";9995;"Waikato"
"ToyotaWishMakeanOFFER2004";2004;124170;" Sedan";" 1790cc petrol engine";" automatic";9975;"Waikato"
"ToyotaWishXLIMITED-7SEATS2008";2008;78330;" Station Wagon";" 1800cc petrol engine";" automatic";10990;"Auckland"
"ToyotaWishAuto7Seater2004";2004;91285;" Hatchback";" 1794cc petrol engine";" automatic";8950;"Manawatu"
"ToyotaWish2005";2005;75444;" Station Wagon";" 1800cc petrol engine";" automatic";8895;"Otago"
"ToyotaWish2.0CamchainAlloy,Reverseca...2004";2004;81833;" Station Wagon";" 1990cc petrol engine";" automatic";6990;"Hawke's Bay"
"ToyotaWishZEdition2005";2005;116098;" Van";" 2000cc petrol engine";" automatic";7495;"Waikato"
"ToyotaWishXS-pack2004";2004;120660;" RV/SUV";" 1794cc petrol engine";" automatic";7250;"Nelson"
"ToyotaWish1.8X2004";2004;110768;" Van";" 1800cc petrol engine";" automatic";6990;"Wellington"
"ToyotaWishAEROSPORTSSUNROOF2007";2007;74006;" Van";" 1800cc petrol engine";" automatic";9995;"Auckland"
"ToyotaWish1.8XSPackage5DR2004";2004;87878;" Station Wagon";" 1794cc petrol engine";" automatic";11990;"Waikato"
"ToyotaWish2006";2006;57000;" RV/SUV";" 1794cc petrol engine";" automatic";10000;"North Shore"
"ToyotaWishAeroSportAuto2009";2009;45000;" Station Wagon";" 1797cc petrol engine";" automatic";18990;"Hawke's Bay"
"ToyotaWish***NEWMAGS/TYRES***2007";2007;110675;" Station Wagon";" 1800cc petrol engine";" automatic";7999;"Auckland"
"ToyotaWish2005";2005;91800;" Station Wagon";" 1800cc petrol engine";" automatic";5999;"Taupo"
"ToyotaWish2004";2004;124000;" RV/SUV";" 1794cc petrol engine";" automatic";7900;"Auckland City"
"ToyotaWish6STRCaptainSeatsNoDeposit2004";2004;106473;" Station Wagon";" 1990cc petrol engine";" automatic";9999;"Otago"
"ToyotaWish7Seater2005";2005;101611;" Van";" 1800cc";" automatic";9990;"Southland"
"ToyotaWish2004";2004;55292;" RV/SUV";" 1998cc petrol engine";" automatic";8700;"Napier"
"ToyotaWishXLimited2007";2007;96052;" Station Wagon";" 1790cc petrol engine";" automatic";9990;"Waikato"
"ToyotaWishZ2006";2006;62912;" Station Wagon";" 2000cc petrol engine";" automatic";10990;"Bay of Plenty"
"ToyotaWishXAEROSPORTSPACKAGE2006";2006;49101;" Station Wagon";" 1800cc petrol engine";" automatic";9990;"Auckland"
"ToyotaWishXAeroSportsPkgLEdition2008";2008;79844;" Station Wagon";" 1790cc petrol engine";" automatic";11990;"Bay of Plenty"
"ToyotaWish1.8XAerosportsPkg2006";2006;68276;" Station Wagon";" 1790cc petrol engine";" automatic";9990;"Auckland"
"ToyotaWishZ2004";2004;168500;" Station Wagon";" 1995cc petrol engine";" automatic";7990;"Southland"
"ToyotaWish2005";2005;53787;" RV/SUV";" 1794cc petrol engine";" automatic";7700;"Auckland City"
"ToyotaWish2005";2005;73900;" Van";" 1800cc petrol engine";" automatic";7990;"Otago"
"ToyotaWish1.8SCVT2009";2009;104385;" Station Wagon";" 1797cc petrol engine";" automatic";16640;"Auckland"
"ToyotaWish1.8X2006";2006;105860;" Station Wagon";" 1794cc petrol engine";" automatic";10190;"Auckland"
"ToyotaWish1.82005";2005;119448;" Station Wagon";" 1794cc petrol engine";" automatic";8999;"Otago"
"ToyotaWish*Financemeat9.95%2006";2006;91958;" Station Wagon";" 2000cc petrol engine";" automatic";9990;"Gisborne"
"ToyotaWish1.8SCVT2009";2009;69874;" Station Wagon";" 1797cc petrol engine";" automatic";17490;"Auckland"
"ToyotaWish1.8XSPackage2005";2005;64713;" Station Wagon";" 1794cc petrol engine";" automatic";11840;"Auckland"
"ToyotaWish2004";2004;50000;" Hatchback";" 1800cc petrol engine";" automatic";7900;"Auckland"
"ToyotaWish**12MonthWarranty**2005";2005;133555;" Station Wagon";" 2000cc petrol engine";" automatic";6999;"Nelson Bays"
"ToyotaWish1.8L7Seater2005";2005;100425;" Van";" 1800cc petrol engine";" automatic";6950;"Southland"
"ToyotaWish1.8SCVT2009";2009;94246;" Station Wagon";" 1797cc petrol engine";" automatic";17890;"Auckland"
"ToyotaWish1.8SCVT2009";2009;92211;" Station Wagon";" 1797cc petrol engine";" automatic";16640;"Auckland"
"ToyotaWishIMMACULATE7SEATERWAGON2005";2005;55379;" Station Wagon";" 1800cc petrol engine";" automatic";9990;"Canterbury"
"ToyotaWishZEdition2005";2005;54538;" Station Wagon";" 1990cc petrol engine";" automatic";11990;"Bay of Plenty"
"ToyotaWish.2004";2004;118500;" Other";NA;NA;5550;"Lower Hutt City"
"ToyotaWish1.8Neo7seater2004";2004;72296;" Van";" 1800cc petrol engine";" automatic";7750;"Southland"
"ToyotaWish2004";2004;126850;" Van";" 1800cc petrol engine";" automatic";8995;"Wellington"
"ToyotaWish2004";2004;100993;" Station Wagon";" 1790cc petrol engine";" automatic";9999;"Canterbury"
"ToyotaWishX-LTD22,266KMS!REARCAMERA2008";2008;22266;" Station Wagon";" 1800cc petrol engine";" automatic";13750;"Auckland"
"ToyotaWishSportpack2005";2005;83421;" Station Wagon";" 2000cc petrol engine";" automatic";9999;"Timaru - Oamaru"
"ToyotaWish2003";2003;149000;" RV/SUV";" 1998cc petrol engine";" automatic";5250;"Manukau City"
"ToyotaWish6SEATER2004";2004;123823;" Station Wagon";" 1998cc petrol engine";" automatic";7995;"Wellington"
"ToyotaWish2005";2005;69815;" RV/SUV";" 1998cc petrol engine";" automatic";7000;"Hamilton"
"ToyotaWish2003";2003;207062;" Station Wagon";" 1790cc petrol engine";" automatic";5995;"Wellington"
"ToyotaWishXLEditionLOWKMS!REARCAMERA2008";2008;47271;" Station Wagon";" 1800cc petrol engine";" automatic";11980;"Auckland"
"ToyotaWishX43KMS!REVERSINGCAMERA/DVD2008";2008;43128;" Station Wagon";" 1800cc petrol engine";" automatic";11980;"Auckland"
"ToyotaWishXAeroSport2005";2005;50100;" Hatchback";" 1800cc petrol engine";" automatic";10990;"Canterbury"
"ToyotaWishZSport2005WideBody2.0l...2005";2005;99892;" Van";" 2000cc petrol engine";" automatic";8650;"Auckland"
"ToyotaWishXSSport7seater2005";2005;99276;" Van";" 1800cc petrol engine";" automatic";8995;"Otago"
"ToyotaWishX2005";2005;80179;" Station Wagon";" 1800cc petrol engine";" automatic";9990;"Canterbury"
"ToyotaWish6SEATER2004";2004;147518;" Station Wagon";" 1998cc petrol engine";" automatic";7995;"Wellington"
"ToyotaWish2.0ZCVT2005";2005;54790;" Station Wagon";" 1998cc petrol engine";" automatic";12590;"Auckland"
"ToyotaWishXEdition2005";2005;72783;" Station Wagon";" 1800cc petrol engine";" automatic";8990;"Auckland"
"ToyotaWish7seaterBodykit2005";2005;100761;" Van";" 1990cc petrol engine";" automatic";9995;"Northland"
"ToyotaWish1.8SCVT2009";2009;104144;" Station Wagon";" 1797cc petrol engine";" automatic";16390;"Auckland"
"ToyotaWish2004";2004;188000;" Station Wagon";" 2000cc petrol engine";" automatic";5750;"Darfield"
"ToyotaWishXLTD2007";2007;67000;" Van";" 1800cc petrol engine";" automatic";11995;"Bay of Plenty"
"ToyotaWish2009";2009;88200;" Station Wagon";" 1797cc petrol engine";" tiptronic";13800;"Manukau City"
"ToyotaWish1.8SSmartKeyReverseCamera2009";2009;74900;" Station Wagon";" 1800cc petrol engine";" automatic";14990;"Auckland"
"ToyotaWish2004";2004;99395;" Van";" 1794cc petrol engine";" automatic";6995;"Napier"
"ToyotaWish2005";2005;116096;" Van";" 1794cc petrol engine";" automatic";6995;"Napier"
"ToyotaWish2.0Wagon2009";2009;109465;" Station Wagon";" 1986cc petrol engine";" automatic";15990;"Taranaki"
"ToyotaWish1.8LWagon2009";2009;91500;" Station Wagon";" petrol engine";" automatic";13990;"Timaru - Oamaru"
"ToyotaWish2005";2005;112821;" Station Wagon";" 1990cc petrol engine";" automatic";8999;"Canterbury"
"ToyotaWish1.8X2009";2009;70509;" Van";" 1797cc petrol engine";" tiptronic";13980;"Auckland"
"ToyotaWish1.8X2009";2009;50330;" Station Wagon";" 1797cc petrol engine";" tiptronic";14480;"Auckland"
"ToyotaWish1.8SCVT2010";2010;92490;" Station Wagon";" 1797cc petrol engine";" automatic";17140;"Auckland"
"ToyotaWish1794PetrolXHATCH4A(ZNE10-H...2006";2006;104629;" Hatchback";" 1794cc petrol engine";" automatic";9500;"Auckland"
"ToyotaWish*7SEATER*2006";2006;67000;" Station Wagon";" 1800cc petrol engine";" automatic";8500;"Auckland"
"ToyotaWishZSportMakeanOFFER2004";2004;111000;" Station Wagon";" 1990cc petrol engine";" automatic";9975;"Waikato"
"ToyotaWishAeroSport2006";2006;68000;" Station Wagon";" 1794cc petrol engine";" tiptronic";9400;"Christchurch City"
"ToyotaWish*Was$109902005";2005;65058;" Station Wagon";" 1790cc petrol engine";" automatic";7850;"Auckland"
"ToyotaWish2004";2004;93949;" RV/SUV";" 1998cc petrol engine";" automatic";6995;"Napier"
"ToyotaWishSSpecSmartKeys&ReverseCa...2009";2009;77200;" Station Wagon";" 1800cc petrol engine";" automatic";14990;"Auckland"
"ToyotaWish180XSmartKeyReverseCamera2009";2009;77000;" Station Wagon";" 1800cc petrol engine";" automatic";13990;"Auckland"
"ToyotaWish2004";2004;117057;" RV/SUV";" 1998cc petrol engine";" automatic";6995;"Napier"
"ToyotaWish2004";2004;105529;" RV/SUV";" 1794cc petrol engine";" automatic";7995;"Napier"
"ToyotaWishAeroSportPackage2006";2006;66100;" RV/SUV";" 1794cc petrol engine";" automatic";9200;"Christchurch City"
"ToyotaWish2004";2004;88475;" Station Wagon";" 1790cc petrol engine";" automatic";6450;"Auckland"
"ToyotaWishAreosportpackage2006";2006;78620;" Station Wagon";" 1794cc petrol engine";" automatic";8800;"Christchurch City"
"ToyotaWishSportsMakeanOFFER2004";2004;109249;" Sedan";" 1790cc petrol engine";" automatic";10975;"Waikato"
"ToyotaWish1.8PetrolX5DrWagon4A2WD2005";2005;87890;" Station Wagon";" 1800cc petrol engine";" automatic";12990;"West Coast"
"ToyotaWish2010YearNewsharpVALVEMATIC2010";2010;98387;" Station Wagon";" 1800cc petrol engine";" automatic";12990;"Auckland"
"ToyotaWish2004";2004;101000;" Van";" 2000cc petrol engine";" automatic";7895;"Auckland"
"ToyotaWishAeroSport2005";2005;75000;" Station Wagon";" 1800cc petrol engine";" automatic";3000;"Waitakere City"
"ToyotaWishZEdition2005";2005;94423;" RV/SUV";" 2000cc petrol engine";" automatic";10995;"Tauranga"
"ToyotaWish2004";2004;92678;" Station Wagon";" 1800cc petrol engine";" automatic";6800;"Manukau City"
